<?xml version="1.0"?>
<!DOCTYPE hibernate-mapping PUBLIC "-//Hibernate/Hibernate Mapping DTD 3.0//EN"
	"http://hibernate.org/dtd/hibernate-mapping-3.0.dtd">
<hibernate-mapping>
	<class name="com.journaldev.hibernate.model.Txn" table="TRANSACTION" >
		<id name="id" type="long">
			<column name="txn_id" />
			<generator class="identity" />
		</id>
		<property name="date" type="date">
			<column name="txn_date" />
		</property>
		<property name="total" type="double">
			<column name="txn_total" />
		</property>
		<one-to-one name="customer" class="com.journaldev.hibernate.model.Customer"
			cascade="save-update" />
	</class>
	
</hibernate-mapping>
