<?xml version="1.0" encoding="UTF-8"?>
<!DOCTYPE hibernate-mapping PUBLIC "-//Hibernate/Hibernate Mapping DTD 3.0//EN" 
"http://hibernate.org/dtd/hibernate-mapping-3.0.dtd" >

<hibernate-mapping package="com.journaldev.hibernate.model">

	<class name="Item" table="ITEM">
		<id name="id" type="long">
			<column name="item_id" />
			<generator class="identity" />
		</id>
		<property name="description" type="string" column="item_desc" />

		<property name="price" type="double" column="item_price" />

		<set name="carts" table="CART_ITEMS" fetch="select" cascade="all">
			<key column="item_id" />
			<many-to-many class="Cart" column="cart_id" />
		</set>

	</class>

</hibernate-mapping>